Water name,County,Species,Quantity,Average length,Date stocked
ADAMS RESERVOIR,DAVIS,RAINBOW,500,11.99,03/18/2019 12:00:00 AM
ADAMS RESERVOIR,DAVIS,RAINBOW,500,11.99,03/21/2019 12:00:00 AM
ADAMS RESERVOIR,DAVIS,RAINBOW,500,11.99,04/01/2019 12:00:00 AM
ADAMS RESERVOIR,DAVIS,RAINBOW,500,10.77,04/15/2019 12:00:00 AM
ADAMS RESERVOIR,DAVIS,RAINBOW,216,19.08,04/16/2019 12:00:00 AM
ADAMS RESERVOIR,DAVIS,CUTTHROAT,1000,13.17,04/25/2019 12:00:00 AM
ADAMS RESERVOIR,DAVIS,WIPER,2135,7.9,04/25/2019 12:00:00 AM
ADAMS RESERVOIR,DAVIS,RAINBOW,1000,9.93,04/29/2019 12:00:00 AM
ADAMS RESERVOIR,DAVIS,RAINBOW,1000,9.53,05/13/2019 12:00:00 AM
ASAY CR,GARFIELD,RAINBOW,3318,4.7,02/07/2019 12:00:00 AM
BAKER RES,WASHINGTON,RAINBOW,1507,10.43,02/20/2019 12:00:00 AM
BAKER SP,BOX ELDER,RAINBOW,1000,9.38,04/08/2019 12:00:00 AM
BAR M SP,BOX ELDER,RAINBOW,1000,9.38,04/08/2019 12:00:00 AM
BARTHOLOMEW PARK POND,UTAH,RAINBOW,1200,8.55,03/25/2019 12:00:00 AM
BARTHOLOMEW PARK POND,UTAH,RAINBOW,601,8.7,04/04/2019 12:00:00 AM
BARTHOLOMEW PARK POND,UTAH,RAINBOW,601,9.16,04/15/2019 12:00:00 AM
BARTHOLOMEW PARK POND,UTAH,RAINBOW,726,9.12,04/30/2019 12:00:00 AM
BARTHOLOMEW PARK POND,UTAH,RAINBOW,600,9.22,05/08/2019 12:00:00 AM
BARTHOLOMEW PARK POND,UTAH,RAINBOW,600,9.22,05/20/2019 12:00:00 AM
BEAR L,RICH,CUTTHROAT,40376,7.35,05/13/2019 12:00:00 AM
BEAR L,RICH,CUTTHROAT,40809,7.35,05/14/2019 12:00:00 AM
BEAR L,RICH,CUTTHROAT,10094,7.35,05/14/2019 12:00:00 AM
BEAR L,RICH,CUTTHROAT,41242,7.35,05/15/2019 12:00:00 AM
BEAR L,RICH,CUTTHROAT,40989,7.35,05/16/2019 12:00:00 AM
BEAVER R,BEAVER,RAINBOW,5037,3.53,03/25/2019 12:00:00 AM
BEAVER R,BEAVER,RAINBOW,498,9.83,04/26/2019 12:00:00 AM
BEAVER R,BEAVER,BROWN TROUT,8000,3.2,04/26/2019 12:00:00 AM
BEAVER R,BEAVER,BROWN TROUT,5950,3.41,05/06/2019 12:00:00 AM
BEAVER R,BEAVER,RAINBOW,360,9.65,05/22/2019 12:00:00 AM
BIG SANDWASH RES,DUCHESNE,RAINBOW,3680,10.46,04/06/2019 12:00:00 AM
BIG SANDWASH RES,DUCHESNE,WALLEYE,69200,0.32,04/09/2019 12:00:00 AM
BIG SANDWASH RES,DUCHESNE,RAINBOW,4140,10.46,04/11/2019 12:00:00 AM
BIG SANDWASH RES,DUCHESNE,RAINBOW,3680,10.46,04/11/2019 12:00:00 AM
BIG SANDWASH RES,DUCHESNE,RAINBOW,3496,10.46,04/12/2019 12:00:00 AM
BIG SANDWASH RES,DUCHESNE,WALLEYE,25000,0.32,04/23/2019 12:00:00 AM
BIG SANDWASH RES,DUCHESNE,TIGER TROUT,10000,4.85,05/15/2019 12:00:00 AM
BLACKSMITH FK,CACHE,RAINBOW,412,13.66,05/20/2019 12:00:00 AM
BLANDING RES NO 3,SAN JUAN,RAINBOW,1519,10.35,04/10/2019 12:00:00 AM
BLANDING RES NO 3,SAN JUAN,RAINBOW,498,10,05/07/2019 12:00:00 AM
BLANDING RES NO 4,SAN JUAN,RAINBOW,1755,10.35,04/10/2019 12:00:00 AM
BLANDING RES NO 4,SAN JUAN,RAINBOW,1752,10.13,04/23/2019 12:00:00 AM
BOUNTIFUL POND,DAVIS,RAINBOW,216,19.08,02/27/2019 12:00:00 AM
BOUNTIFUL POND,DAVIS,RAINBOW,216,19.08,02/27/2019 12:00:00 AM
BOUNTIFUL POND,DAVIS,RAINBOW,1001,10.44,03/05/2019 12:00:00 AM
BOUNTIFUL POND,DAVIS,RAINBOW,1499,11.99,03/18/2019 12:00:00 AM
BOUNTIFUL POND,DAVIS,RAINBOW,1501,11.99,04/01/2019 12:00:00 AM
BOUNTIFUL POND,DAVIS,RAINBOW,1500,10.77,04/15/2019 12:00:00 AM
BOUNTIFUL POND,DAVIS,WIPER,2011,7.9,04/25/2019 12:00:00 AM
BOUNTIFUL POND,DAVIS,RAINBOW,1729,9.93,04/29/2019 12:00:00 AM
BOUNTIFUL POND,DAVIS,RAINBOW,1000,9.53,05/13/2019 12:00:00 AM
"BOX CR RES, LOWER",PIUTE,RAINBOW,1512,9.62,05/14/2019 12:00:00 AM
"BOX CR RES, LOWER",PIUTE,RAINBOW,980,9.62,05/14/2019 12:00:00 AM
BROUGH RES,UINTAH,RAINBOW,935,13.5,04/29/2019 12:00:00 AM
BROUGH RES,UINTAH,RAINBOW,4906,7.93,04/29/2019 12:00:00 AM
BROUGH RES,UINTAH,RAINBOW,6768,2.43,05/14/2019 12:00:00 AM
BROUGH RES,UINTAH,TIGER TROUT,4360,2.32,05/14/2019 12:00:00 AM
BROUGH RES,UINTAH,RAINBOW,840,4.93,05/14/2019 12:00:00 AM
BROWNS DRAW RES,DUCHESNE,RAINBOW,7536,3.83,04/16/2019 12:00:00 AM
BULLOCK RES,UINTAH,MUSKIE TIGER,1600,1.93,05/08/2019 12:00:00 AM
BURRASTON PONDS,JUAB,RAINBOW,999,9.51,03/12/2019 12:00:00 AM
BURRASTON PONDS,JUAB,RAINBOW,1232,10.18,04/25/2019 12:00:00 AM
BURRASTON PONDS,JUAB,RAINBOW,1008,10.32,05/03/2019 12:00:00 AM
BURRASTON PONDS,JUAB,RAINBOW,1008,9.89,05/15/2019 12:00:00 AM
CALDER RES,UINTAH,RAINBOW,76,21,05/01/2019 12:00:00 AM
CALDER RES,UINTAH,RAINBOW,444,15,05/01/2019 12:00:00 AM
CALDER RES,UINTAH,RAINBOW,237,15,05/01/2019 12:00:00 AM
CALDER RES,UINTAH,CUTTHROAT,500,5.07,05/13/2019 12:00:00 AM
CALDER RES,UINTAH,RAINBOW,399,4.93,05/13/2019 12:00:00 AM
CALDER RES,UINTAH,TIGER TROUT,500,2.45,05/13/2019 12:00:00 AM
CALDER RES,UINTAH,RAINBOW,624,10.45,05/16/2019 12:00:00 AM
CALDER RES,UINTAH,BROWN TROUT,1290,2.23,05/16/2019 12:00:00 AM
CAMP KOSTOPAULUS,SALT LAKE,RAINBOW,351,9.52,05/14/2019 12:00:00 AM
CANYON VIEW PARK PD,UTAH,RAINBOW,789,11.99,03/19/2019 12:00:00 AM
CANYON VIEW PARK PD,UTAH,RAINBOW,339,11.99,03/26/2019 12:00:00 AM
CANYON VIEW PARK PD,UTAH,RAINBOW,274,14.44,03/27/2019 12:00:00 AM
CANYON VIEW PARK PD,UTAH,RAINBOW,341,10.21,04/24/2019 12:00:00 AM
CANYON VIEW PARK PD,UTAH,RAINBOW,339,9.52,04/30/2019 12:00:00 AM
CARBON CNTY P,CARBON,RAINBOW,1000,9.76,01/08/2019 12:00:00 AM
CARBON CNTY P,CARBON,RAINBOW,1000,10.34,04/29/2019 12:00:00 AM
CLINTON POND,DAVIS,RAINBOW,499,10.17,03/11/2019 12:00:00 AM
CLINTON POND,DAVIS,RAINBOW,501,11.6,04/09/2019 12:00:00 AM
CLINTON POND,DAVIS,RAINBOW,500,10.77,04/22/2019 12:00:00 AM
CLINTON POND,DAVIS,RAINBOW,499,9.52,05/08/2019 12:00:00 AM
COLD SPRING LAKES,BOX ELDER,RAINBOW,1375,10.75,05/23/2019 12:00:00 AM
COTTONWOOD RES,UINTAH,RAINBOW,1659,10.78,04/15/2019 12:00:00 AM
COTTONWOOD RES,UINTAH,MUSKIE TIGER,3200,1.93,05/08/2019 12:00:00 AM
COVE POND,SALT LAKE,RAINBOW,563,11.99,03/25/2019 12:00:00 AM
COVE POND,SALT LAKE,RAINBOW,387,10.44,04/02/2019 12:00:00 AM
COVE POND,SALT LAKE,RAINBOW,388,10.96,04/08/2019 12:00:00 AM
COVE POND,SALT LAKE,RAINBOW,388,10.77,04/15/2019 12:00:00 AM
COVE POND,SALT LAKE,RAINBOW,388,10.77,04/22/2019 12:00:00 AM
COVE POND,SALT LAKE,RAINBOW,388,9.93,04/29/2019 12:00:00 AM
COVE POND,SALT LAKE,RAINBOW,386,9.52,05/06/2019 12:00:00 AM
COVE POND,SALT LAKE,RAINBOW,387,9.53,05/13/2019 12:00:00 AM
CROUSE RES,UINTAH,RAINBOW,859,10.45,05/16/2019 12:00:00 AM
DEER CR RES,WASATCH,RAINBOW,7080,9.87,04/18/2019 12:00:00 AM
DEER CR RES,WASATCH,RAINBOW,9240,9.03,04/18/2019 12:00:00 AM
DEER CR RES,WASATCH,RAINBOW,1682,9.63,04/24/2019 12:00:00 AM
DEER VALLEY LAKES,SUMMIT,RAINBOW,499,9.33,05/13/2019 12:00:00 AM
DMAD RES,MILLARD,WALLEYE,8150,0.32,04/17/2019 12:00:00 AM
DMAD RES,MILLARD,WALLEYE,96880,0.32,04/17/2019 12:00:00 AM
DMAD RES,MILLARD,WALLEYE,8040,0.32,04/17/2019 12:00:00 AM
DMAD RES,MILLARD,WALLEYE,34200,0.32,04/17/2019 12:00:00 AM
DMAD RES,MILLARD,WALLEYE,25500,0.32,04/17/2019 12:00:00 AM
DMAD RES,MILLARD,WALLEYE,6700,0.32,04/17/2019 12:00:00 AM
DMAD RES,MILLARD,WALLEYE,7560,0.32,04/17/2019 12:00:00 AM
DMAD RES,MILLARD,WALLEYE,25000,0.32,04/26/2019 12:00:00 AM
DONS L,GRAND,RAINBOW,910,9.62,05/15/2019 12:00:00 AM
DRY WASH RES,SAN JUAN,RAINBOW,1494,10,05/07/2019 12:00:00 AM
EAST CYN RES,MORGAN,RAINBOW,4928,9.33,04/09/2019 12:00:00 AM
EAST CYN RES,MORGAN,RAINBOW,3080,9.33,04/09/2019 12:00:00 AM
EAST CYN RES,MORGAN,RAINBOW,8775,3.22,05/07/2019 12:00:00 AM
EAST CYN RES,MORGAN,KOKANEE,10024,3.71,05/13/2019 12:00:00 AM
ECHO RES,SUMMIT,WALLEYE,89600,0.32,04/12/2019 12:00:00 AM
ECHO RES,SUMMIT,WALLEYE,113920,0.32,04/12/2019 12:00:00 AM
ECHO RES,SUMMIT,RAINBOW,2646,11.94,04/15/2019 12:00:00 AM
ECHO RES,SUMMIT,RAINBOW,2646,11.94,04/15/2019 12:00:00 AM
ECHO RES,SUMMIT,WALLEYE,107870,0.32,04/15/2019 12:00:00 AM
ECHO RES,SUMMIT,WALLEYE,38100,0.32,04/15/2019 12:00:00 AM
ECHO RES,SUMMIT,RAINBOW,2646,11.94,04/15/2019 12:00:00 AM
ECHO RES,SUMMIT,WALLEYE,15500,0.32,04/15/2019 12:00:00 AM
ECHO RES,SUMMIT,WALLEYE,63350,0.32,04/15/2019 12:00:00 AM
ECHO RES,SUMMIT,RAINBOW,1543,11.49,04/16/2019 12:00:00 AM
ECHO RES,SUMMIT,RAINBOW,6023,11.49,04/16/2019 12:00:00 AM
"ENTERPRISE RES,LOWER",WASHINGTON,RAINBOW,350,9.58,03/18/2019 12:00:00 AM
"ENTERPRISE RES,LOWER",WASHINGTON,RAINBOW,1897,9.58,03/18/2019 12:00:00 AM
"ENTERPRISE RES,LOWER",WASHINGTON,RAINBOW,2774,10.51,03/18/2019 12:00:00 AM
"ENTERPRISE RES,UPPER",WASHINGTON,RAINBOW,19463,5.22,03/05/2019 12:00:00 AM
"ENTERPRISE RES,UPPER",WASHINGTON,RAINBOW,9948,5.22,03/05/2019 12:00:00 AM
FAIRMONT PARK P,SALT LAKE,RAINBOW,250,9.16,04/15/2019 12:00:00 AM
FAIRMONT PARK SLC,SALT LAKE,RAINBOW,249,9.22,05/08/2019 12:00:00 AM
FARMINGTON CITY RES,DAVIS,RAINBOW,1000,7.94,03/25/2019 12:00:00 AM
FARMINGTON CITY RES,DAVIS,RAINBOW,500,8.55,04/08/2019 12:00:00 AM
FARMINGTON CITY RES,DAVIS,RAINBOW,500,8.22,04/17/2019 12:00:00 AM
FARMINGTON CITY RES,DAVIS,RAINBOW,500,8.77,04/30/2019 12:00:00 AM
FARMINGTON CITY RES,DAVIS,RAINBOW,1497,8.7,05/14/2019 12:00:00 AM
FISH L,SEVIER,BROWN TROUT,17285,3.36,05/02/2019 12:00:00 AM
FISH L,SEVIER,TIGER TROUT,21390,3.13,05/09/2019 12:00:00 AM
FISH L,SEVIER,KOKANEE,29610,3.07,05/10/2019 12:00:00 AM
FISH L,SEVIER,KOKANEE,29610,3.07,05/10/2019 12:00:00 AM
FISH L,SEVIER,KOKANEE,29610,3.07,05/10/2019 12:00:00 AM
FISH L,SEVIER,RAINBOW,3720,7.68,05/15/2019 12:00:00 AM
FISH L,SEVIER,RAINBOW,3869,7.68,05/15/2019 12:00:00 AM
FISH L,SEVIER,KOKANEE,29952,3.06,05/15/2019 12:00:00 AM
FISH L,SEVIER,KOKANEE,29952,3.06,05/15/2019 12:00:00 AM
FISH L,SEVIER,KOKANEE,29952,3.06,05/15/2019 12:00:00 AM
FISH L,SEVIER,KOKANEE,15975,3.06,05/16/2019 12:00:00 AM
FLAMING GORGE RES,DAGGETT,RAINBOW,5292,11.94,04/15/2019 12:00:00 AM
FLAMING GORGE RES,DAGGETT,KOKANEE,70200,3.05,04/22/2019 12:00:00 AM
FLAMING GORGE RES,DAGGETT,RAINBOW,7313,8.48,04/25/2019 12:00:00 AM
FLAMING GORGE RES,DAGGETT,RAINBOW,7200,8.48,04/26/2019 12:00:00 AM
FLAMING GORGE RES,DAGGETT,KOKANEE,56000,3.47,04/30/2019 12:00:00 AM
FLAMING GORGE RES,DAGGETT,KOKANEE,67900,3.25,05/06/2019 12:00:00 AM
FLAMING GORGE RES,DAGGETT,KOKANEE,67900,3.25,05/06/2019 12:00:00 AM
FLAMING GORGE RES,DAGGETT,RAINBOW,2352,11.94,05/06/2019 12:00:00 AM
FLAMING GORGE RES,DAGGETT,KOKANEE,67900,3.25,05/07/2019 12:00:00 AM
FLAMING GORGE RES,DAGGETT,KOKANEE,29100,3.25,05/07/2019 12:00:00 AM
FLAMING GORGE RES,DAGGETT,KOKANEE,67900,3.25,05/07/2019 12:00:00 AM
FLAMING GORGE RES,DAGGETT,KOKANEE,55678,3.25,05/08/2019 12:00:00 AM
FLAMING GORGE RES,DAGGETT,RAINBOW,18530,9.02,05/20/2019 12:00:00 AM
FLAMING GORGE RES,DAGGETT,RAINBOW,18258,9.06,05/21/2019 12:00:00 AM
FOREBAY POND,IRON,RAINBOW,504,10.32,05/01/2019 12:00:00 AM
FOY L,SAN JUAN,RAINBOW,1121,10,05/07/2019 12:00:00 AM
FREMONT R,WAYNE,BROWN TROUT,2314,3.41,05/06/2019 12:00:00 AM
FREMONT R,WAYNE,BROWN TROUT,4297,3.41,05/06/2019 12:00:00 AM
FT BUENAVENTURA P,WEBER,RAINBOW,608,21,05/02/2019 12:00:00 AM
GARDEN CITY HERITAGE COM,RICH,RAINBOW,226,13.03,04/24/2019 12:00:00 AM
GARDEN CITY HERITAGE COM,RICH,RAINBOW,396,13.62,05/24/2019 12:00:00 AM
"GARKANE IMP, MAIN FK",GARFIELD,RAINBOW,1036,9.62,05/13/2019 12:00:00 AM
GIGLIOTTI POND,CARBON,RAINBOW,400,9.76,01/08/2019 12:00:00 AM
GIGLIOTTI POND,CARBON,RAINBOW,400,9.76,01/08/2019 12:00:00 AM
GIGLIOTTI POND,CARBON,RAINBOW,502,10.34,04/29/2019 12:00:00 AM
GLASSMANS POND,WEBER,RAINBOW,1001,10.17,02/27/2019 12:00:00 AM
GLASSMANS POND,WEBER,RAINBOW,750,10.17,03/11/2019 12:00:00 AM
GLASSMANS POND,WEBER,RAINBOW,750,11.99,03/25/2019 12:00:00 AM
GLASSMANS POND,WEBER,RAINBOW,501,11.6,04/09/2019 12:00:00 AM
GLASSMANS POND,WEBER,RAINBOW,500,10.77,04/22/2019 12:00:00 AM
GLENWOOD POND,SEVIER,RAINBOW,100,10.17,03/26/2019 12:00:00 AM
GLENWOOD POND,SEVIER,RAINBOW,226,10.13,04/24/2019 12:00:00 AM
GLENWOOD POND,SEVIER,RAINBOW,100,9.65,05/23/2019 12:00:00 AM
GOOD SKI LAKE (21ST PO),WEBER,RAINBOW,2500,8.55,03/27/2019 12:00:00 AM
GOOD SKI LAKE (21ST PO),WEBER,RAINBOW,1900,8.7,04/09/2019 12:00:00 AM
GOOD SKI LAKE (21ST PO),WEBER,RAINBOW,1000,9.12,04/17/2019 12:00:00 AM
GOOD SKI LAKE (21ST PO),WEBER,RAINBOW,1099,9.12,04/29/2019 12:00:00 AM
GRANTSVILLE RES,TOOELE,RAINBOW,1199,10.44,04/04/2019 12:00:00 AM
GRANTSVILLE RES,TOOELE,RAINBOW,1000,10,04/17/2019 12:00:00 AM
GRANTSVILLE RES,TOOELE,RAINBOW,1001,9.69,04/24/2019 12:00:00 AM
GRANTSVILLE RES,TOOELE,RAINBOW,1001,9.52,05/07/2019 12:00:00 AM
GRANTSVILLE RES,TOOELE,RAINBOW,1001,9.52,05/15/2019 12:00:00 AM
GUNNISON BEND RES,MILLARD,WALLEYE,22200,0.32,04/05/2019 12:00:00 AM
GUNNISON BEND RES,MILLARD,WALLEYE,21000,0.32,04/05/2019 12:00:00 AM
GUNNISON BEND RES,MILLARD,WALLEYE,25300,0.32,04/05/2019 12:00:00 AM
GUNNISON BEND RES,MILLARD,WALLEYE,31341,0.32,04/11/2019 12:00:00 AM
GUNNISON BEND RES,MILLARD,WALLEYE,3100,0.32,04/11/2019 12:00:00 AM
GUNNISON BEND RES,MILLARD,WALLEYE,61670,0.32,04/11/2019 12:00:00 AM
GUNNISON BEND RES,MILLARD,WALLEYE,84750,0.32,04/11/2019 12:00:00 AM
HIDDEN L,GRAND,RAINBOW,910,9.62,05/15/2019 12:00:00 AM
HIGHLAND GLEN PARK P,UTAH,RAINBOW,290,10.44,04/02/2019 12:00:00 AM
HIGHLAND GLEN PARK P,UTAH,RAINBOW,291,11.6,04/08/2019 12:00:00 AM
HIGHLAND GLEN PARK P,UTAH,RAINBOW,292,10.77,04/15/2019 12:00:00 AM
HIGHLAND GLEN PARK P,UTAH,RAINBOW,292,10.77,04/22/2019 12:00:00 AM
HIGHLAND GLEN PARK P,UTAH,RAINBOW,290,9.52,05/01/2019 12:00:00 AM
HIGHLAND GLEN PARK P,UTAH,RAINBOW,290,9.52,05/06/2019 12:00:00 AM
HIGHLAND GLEN PARK P,UTAH,RAINBOW,290,9.55,05/14/2019 12:00:00 AM
HIGHLAND GLEN PARK P,UTAH,RAINBOW,292,9.87,05/20/2019 12:00:00 AM
HINKINS POND,EMERY,RAINBOW,499,10.16,04/29/2019 12:00:00 AM
HOBBS RESERVOIR,DAVIS,CUTTHROAT,1000,13.17,04/26/2019 12:00:00 AM
HOLMES CR RES,DAVIS,RAINBOW,1701,11.99,03/21/2019 12:00:00 AM
HOLMES CR RES,DAVIS,RAINBOW,1770,10.77,04/09/2019 12:00:00 AM
HUNTINGTON G F PONDS,EMERY,RAINBOW,506,10.08,05/06/2019 12:00:00 AM
HUNTINGTON NORTH RES,EMERY,RAINBOW,1500,9.76,04/16/2019 12:00:00 AM
HUNTINGTON NORTH RES,EMERY,RAINBOW,1500,9.76,04/16/2019 12:00:00 AM
HYRUM RES,CACHE,RAINBOW,3264,8.49,04/01/2019 12:00:00 AM
HYRUM RES,CACHE,ALL TROUT,3468,8.49,04/01/2019 12:00:00 AM
HYRUM RES,CACHE,RAINBOW,3366,8.49,04/01/2019 12:00:00 AM
HYRUM RES,CACHE,RAINBOW,2870,8.94,04/02/2019 12:00:00 AM
HYRUM RES,CACHE,RAINBOW,3795,8.49,04/02/2019 12:00:00 AM
HYRUM RES,CACHE,RAINBOW,2625,8.94,04/02/2019 12:00:00 AM
HYRUM RES,CACHE,RAINBOW,3264,8.49,04/02/2019 12:00:00 AM
HYRUM RES,CACHE,RAINBOW,3672,8.49,04/02/2019 12:00:00 AM
HYRUM RES,CACHE,BROWN TROUT,9996,2.29,05/15/2019 12:00:00 AM
Harrisville City Pond,WEBER,RAINBOW,200,8.55,04/08/2019 12:00:00 AM
Harrisville City Pond,WEBER,RAINBOW,204,8.77,04/30/2019 12:00:00 AM
Harrisville City Pond,WEBER,RAINBOW,201,8.7,05/14/2019 12:00:00 AM
JACKSON FLAT RES.,KANE,RAINBOW,3645,10.1,01/14/2019 12:00:00 AM
JACKSON FLAT RES.,KANE,RAINBOW,1673,10.1,01/14/2019 12:00:00 AM
JACKSON FLAT RES.,KANE,BROWN TROUT,541,16.47,01/23/2019 12:00:00 AM
JACKSON FLAT RES.,KANE,BROWN TROUT,24,21.26,01/23/2019 12:00:00 AM
JACKSON FLAT RES.,KANE,BROWN TROUT,260,21.26,01/23/2019 12:00:00 AM
JACKSON FLAT RES.,KANE,BROWN TROUT,71,21.26,01/24/2019 12:00:00 AM
JACKSON FLAT RES.,KANE,BROWN TROUT,367,18.91,01/24/2019 12:00:00 AM
JENSEN NATURE PARK POND,DAVIS,RAINBOW,1001,10.17,02/27/2019 12:00:00 AM
JENSEN NATURE PARK POND,DAVIS,RAINBOW,216,19.08,02/27/2019 12:00:00 AM
JENSEN NATURE PARK POND,DAVIS,RAINBOW,499,10.17,03/11/2019 12:00:00 AM
JENSEN NATURE PARK POND,DAVIS,RAINBOW,508,11.99,03/25/2019 12:00:00 AM
JENSEN NATURE PARK POND,DAVIS,RAINBOW,501,11.6,04/09/2019 12:00:00 AM
JENSEN NATURE PARK POND,DAVIS,RAINBOW,1000,10.77,04/22/2019 12:00:00 AM
JENSEN NATURE PARK POND,DAVIS,RAINBOW,1001,9.52,05/08/2019 12:00:00 AM
JOHNSON RES,SEVIER,MUSKIE TIGER,3504,2.25,05/13/2019 12:00:00 AM
JORDANELLE RES,WASATCH,KOKANEE,50357,3.29,05/02/2019 12:00:00 AM
JORDANELLE RES,WASATCH,KOKANEE,156526,3.29,05/02/2019 12:00:00 AM
JORDANELLE RES,WASATCH,RAINBOW,5925,3.22,05/07/2019 12:00:00 AM
KAYSVILLE STAKE POND,DAVIS,RAINBOW,216,19.08,02/27/2019 12:00:00 AM
KAYSVILLE STAKE POND,DAVIS,RAINBOW,2000,7.94,03/26/2019 12:00:00 AM
KAYSVILLE STAKE POND,DAVIS,RAINBOW,1000,8.55,04/08/2019 12:00:00 AM
KAYSVILLE STAKE POND,DAVIS,RAINBOW,999,8.22,04/17/2019 12:00:00 AM
KAYSVILLE STAKE POND,DAVIS,RAINBOW,999,8.77,04/30/2019 12:00:00 AM
KENS L,SAN JUAN,RAINBOW,3569,9.94,03/04/2019 12:00:00 AM
KENS L,SAN JUAN,RAINBOW,1506,10.38,04/17/2019 12:00:00 AM
KIDNEY POND,SALT LAKE,RAINBOW,250,11.6,04/10/2019 12:00:00 AM
KIDNEY POND,SALT LAKE,CUTTHROAT,98,15.98,04/12/2019 12:00:00 AM
KIDNEY POND,SALT LAKE,RAINBOW,250,10.14,04/16/2019 12:00:00 AM
KIDNEY POND,SALT LAKE,RAINBOW,319,9.52,04/30/2019 12:00:00 AM
KIDNEY POND,SALT LAKE,RAINBOW,319,9.52,05/07/2019 12:00:00 AM
KIDNEY POND,SALT LAKE,RAINBOW,319,9.52,05/14/2019 12:00:00 AM
KNIGHT IDEAL POND,CARBON,RAINBOW,1000,9.76,01/08/2019 12:00:00 AM
KNIGHT IDEAL POND,CARBON,RAINBOW,1008,10.16,04/29/2019 12:00:00 AM
KOLOB RES,WASHINGTON,RAINBOW,6826,7.74,05/15/2019 12:00:00 AM
KOLOB RES,WASHINGTON,RAINBOW,1413,9.68,05/16/2019 12:00:00 AM
KOLOB RES,WASHINGTON,RAINBOW,1338,9.68,05/16/2019 12:00:00 AM
KOLOB RES,WASHINGTON,RAINBOW,1250,9.68,05/16/2019 12:00:00 AM
KOOSHAREM RES,SEVIER,RAINBOW,17328,5.45,03/26/2019 12:00:00 AM
KOOSHAREM RES,SEVIER,RAINBOW,3318,9.99,03/29/2019 12:00:00 AM
KOOSHAREM RES,SEVIER,RAINBOW,1683,9.99,03/29/2019 12:00:00 AM
KOOSHAREM RES,SEVIER,CUTTHROAT,6750,5.96,04/11/2019 12:00:00 AM
KOOSHAREM RES,SEVIER,TIGER TROUT,25696,2.58,04/15/2019 12:00:00 AM
LAKETOWN RES,RICH,RAINBOW,475,13.03,04/24/2019 12:00:00 AM
LEIGH HILL RES,IRON,BROOK TROUT,342,18.74,02/14/2019 12:00:00 AM
LEIGH HILL RES,IRON,RAINBOW,999,9.51,03/20/2019 12:00:00 AM
LEIGH HILL RES,IRON,RAINBOW,1000,9.76,04/15/2019 12:00:00 AM
LEIGH HILL RES,IRON,RAINBOW,504,10.32,05/01/2019 12:00:00 AM
LITTLE CR RES,RICH,RAINBOW,2640,11.49,04/22/2019 12:00:00 AM
LITTLE CR RES,RICH,RAINBOW,1007,11.49,04/23/2019 12:00:00 AM
LITTLE MONTES RES,UINTAH,RAINBOW,324,21,05/01/2019 12:00:00 AM
LITTLE RES,BEAVER,BROWN TROUT,331,3.41,05/06/2019 12:00:00 AM
LLOYDS L,SAN JUAN,RAINBOW,3467,10.46,04/08/2019 12:00:00 AM
LLOYDS L,SAN JUAN,RAINBOW,504,10.13,04/23/2019 12:00:00 AM
LOGAN R,CACHE,RAINBOW,1165,9.61,04/15/2019 12:00:00 AM
LOGAN R,CACHE,RAINBOW,1040,12.44,04/15/2019 12:00:00 AM
LOGAN R,CACHE,RAINBOW,920,9.6,04/15/2019 12:00:00 AM
LOGAN R,CACHE,RAINBOW,920,10.59,05/10/2019 12:00:00 AM
LOGAN R,CACHE,RAINBOW,1166,11.7,05/10/2019 12:00:00 AM
LOGAN R,CACHE,RAINBOW,872,13.19,05/10/2019 12:00:00 AM
LOGAN R,CACHE,RAINBOW,792,13.62,05/23/2019 12:00:00 AM
LOGAN R,CACHE,RAINBOW,1165,11.78,05/24/2019 12:00:00 AM
LOGAN R,CACHE,RAINBOW,920,10.94,05/24/2019 12:00:00 AM
LOST CR RES,MORGAN,CUTTHROAT,9750,6.03,04/24/2019 12:00:00 AM
LOST CR RES,MORGAN,CUTTHROAT,9750,6.03,04/25/2019 12:00:00 AM
LOST CR RES,MORGAN,RAINBOW,8160,9.03,05/06/2019 12:00:00 AM
LOST CR RES,MORGAN,RAINBOW,11645,9.03,05/06/2019 12:00:00 AM
LOST CR RES,MORGAN,TIGER TROUT,2001,9.36,05/13/2019 12:00:00 AM
MANILA CREEK PARK POND,UTAH,RAINBOW,398,10.44,04/02/2019 12:00:00 AM
MANILA CREEK PARK POND,UTAH,RAINBOW,398,11.6,04/08/2019 12:00:00 AM
MANILA CREEK PARK POND,UTAH,RAINBOW,400,10.77,04/15/2019 12:00:00 AM
MANILA CREEK PARK POND,UTAH,RAINBOW,392,10.77,04/22/2019 12:00:00 AM
MANILA CREEK PARK POND,UTAH,RAINBOW,400,9.52,05/01/2019 12:00:00 AM
MANILA CREEK PARK POND,UTAH,RAINBOW,400,9.52,05/06/2019 12:00:00 AM
MANILA CREEK PARK POND,UTAH,RAINBOW,399,9.55,05/14/2019 12:00:00 AM
MANILA CREEK PARK POND,UTAH,RAINBOW,398,9.87,05/20/2019 12:00:00 AM
MANTUA RES,BOX ELDER,RAINBOW,5503,8.7,04/04/2019 12:00:00 AM
MAPLE GROVE SPRINGS,MILLARD,RAINBOW,934,10,05/09/2019 12:00:00 AM
MAPLE L,UTAH,RAINBOW,1298,10.35,05/15/2019 12:00:00 AM
MAYBEY POND,DAVIS,RAINBOW,389,10.17,03/11/2019 12:00:00 AM
MAYBEY POND,DAVIS,RAINBOW,210,11.99,03/25/2019 12:00:00 AM
MAYBEY POND,DAVIS,RAINBOW,200,11.6,04/09/2019 12:00:00 AM
MAYBEY POND,DAVIS,RAINBOW,300,10.77,04/22/2019 12:00:00 AM
MAYBEY POND,DAVIS,RAINBOW,200,9.52,05/08/2019 12:00:00 AM
MAYOR'S POND,BOX ELDER,RAINBOW,798,9.34,04/04/2019 12:00:00 AM
MEADOW CRK P,WEBER,RAINBOW,209,20.75,02/13/2019 12:00:00 AM
MEADOW CRK P,WEBER,BROOK TROUT,308,18.74,02/13/2019 12:00:00 AM
MEADOW CRK P,WEBER,RAINBOW,502,10.17,02/27/2019 12:00:00 AM
MEADOW CRK P,WEBER,RAINBOW,212,17.58,03/01/2019 12:00:00 AM
MEADOW CRK P,WEBER,RAINBOW,499,10.17,03/11/2019 12:00:00 AM
MEADOW CRK P,WEBER,RAINBOW,508,11.99,03/25/2019 12:00:00 AM
MEADOW CRK P,WEBER,RAINBOW,501,11.6,04/09/2019 12:00:00 AM
MEADOW CRK P,WEBER,RAINBOW,500,10.77,04/22/2019 12:00:00 AM
MILL CR,GRAND,BROWN TROUT,5035,3.03,04/17/2019 12:00:00 AM
MILL MEADOW RES,SEVIER,RAINBOW,3290,10.2,04/02/2019 12:00:00 AM
MILL MEADOW RES,SEVIER,RAINBOW,1763,10.2,04/02/2019 12:00:00 AM
MILLRACE PARK POND,SALT LAKE,RAINBOW,328,11.99,03/19/2019 12:00:00 AM
MILLRACE PARK POND,SALT LAKE,RAINBOW,336,10.96,04/08/2019 12:00:00 AM
MILLRACE PARK POND,SALT LAKE,RAINBOW,327,9.69,04/23/2019 12:00:00 AM
MILLRACE PARK POND,SALT LAKE,RAINBOW,328,9.52,05/07/2019 12:00:00 AM
MILLSITE RES,EMERY,RAINBOW,3525,10.2,04/03/2019 12:00:00 AM
MILLSITE RES,EMERY,RAINBOW,3439,10.27,04/04/2019 12:00:00 AM
MILLSITE RES,EMERY,RAINBOW,1058,10.35,04/10/2019 12:00:00 AM
MINERSVILLE RES,BEAVER,BROWN TROUT,10000,3.2,04/26/2019 12:00:00 AM
MONROE POND,SEVIER,RAINBOW,1008,9.99,03/29/2019 12:00:00 AM
MONROE POND,SEVIER,RAINBOW,1059,9.83,04/24/2019 12:00:00 AM
MONROE POND,SEVIER,RAINBOW,1007,9.63,05/20/2019 12:00:00 AM
MONTICELLO L,SAN JUAN,RAINBOW,1058,10,05/07/2019 12:00:00 AM
MT PLEASANT POND,SANPETE,RAINBOW,499,10.18,04/24/2019 12:00:00 AM
NEWTON RES,CACHE,MUSKIE TIGER,6240,1.76,05/02/2019 12:00:00 AM
NINE MILE RES,SANPETE,RAINBOW,500,9.51,03/26/2019 12:00:00 AM
OAK CR,MILLARD,RAINBOW,199,9.65,05/22/2019 12:00:00 AM
OGDEN R,WEBER,RAINBOW,872,13.19,05/09/2019 12:00:00 AM
OTTER CR,PIUTE,BROWN TROUT,5202,3.12,04/23/2019 12:00:00 AM
OTTER CR RES,PIUTE,RAINBOW,7599,9.06,03/26/2019 12:00:00 AM
OTTER CR RES,PIUTE,RAINBOW,7436,8.84,03/26/2019 12:00:00 AM
OTTER CR RES,PIUTE,RAINBOW,19415,7.15,04/22/2019 12:00:00 AM
OTTER CR RES,PIUTE,BROWN TROUT,20808,3.12,04/23/2019 12:00:00 AM
PALISADE RES,SANPETE,RAINBOW,999,9.51,03/26/2019 12:00:00 AM
PALISADE RES,SANPETE,RAINBOW,1760,8.28,04/15/2019 12:00:00 AM
PALISADE RES,SANPETE,RAINBOW,1001,10.18,04/24/2019 12:00:00 AM
PALISADE RES,SANPETE,RAINBOW,1001,10.16,05/09/2019 12:00:00 AM
PANGUITCH L,GARFIELD,RAINBOW,8960,9.63,05/07/2019 12:00:00 AM
PANGUITCH L,GARFIELD,RAINBOW,20480,9.21,05/07/2019 12:00:00 AM
PANGUITCH L,GARFIELD,RAINBOW,17920,9.63,05/08/2019 12:00:00 AM
PANGUITCH L,GARFIELD,RAINBOW,11392,8.89,05/08/2019 12:00:00 AM
PANGUITCH L,GARFIELD,CUTTHROAT,26445,6.05,05/09/2019 12:00:00 AM
PAROWAN POND,IRON,RAINBOW,314,9.06,03/26/2019 12:00:00 AM
PAROWAN POND,IRON,RAINBOW,308,9.33,04/18/2019 12:00:00 AM
PAROWAN POND,IRON,RAINBOW,300,10.03,05/02/2019 12:00:00 AM
PINE CR,WAYNE,BROWN TROUT,3306,3.41,05/06/2019 12:00:00 AM
PINE L,GARFIELD,RAINBOW,3558,9.93,05/01/2019 12:00:00 AM
PINE L,GARFIELD,TIGER TROUT,1500,10.6,05/09/2019 12:00:00 AM
PINE VALLEY RES,WASHINGTON,RAINBOW,1002,10.03,05/02/2019 12:00:00 AM
PINEVIEW RES,WEBER,MUSKIE TIGER,87,1.99,04/25/2019 12:00:00 AM
PINEVIEW RES,WEBER,MUSKIE TIGER,111,1.99,04/25/2019 12:00:00 AM
PINEVIEW RES,WEBER,MUSKIE TIGER,111,1.99,04/25/2019 12:00:00 AM
PINEVIEW RES,WEBER,MUSKIE TIGER,87,1.99,04/25/2019 12:00:00 AM
PINEVIEW RES,WEBER,MUSKIE TIGER,28080,1.76,05/02/2019 12:00:00 AM
PIONEER PARK P,BOX ELDER,RAINBOW,1332,8.99,02/21/2019 12:00:00 AM
PIONEER PARK P,BOX ELDER,RAINBOW,216,19.08,02/27/2019 12:00:00 AM
PIONEER PARK P,BOX ELDER,RAINBOW,1351,9.34,04/04/2019 12:00:00 AM
PIONEER PARK P,BOX ELDER,RAINBOW,500,10.54,05/17/2019 12:00:00 AM
POLE CANYON PARK POND,UTAH,RAINBOW,999,9.51,03/12/2019 12:00:00 AM
POLE CANYON PARK POND,UTAH,RAINBOW,506,10.18,04/18/2019 12:00:00 AM
POLE CANYON PARK POND,UTAH,RAINBOW,506,10.16,05/08/2019 12:00:00 AM
POLE CANYON PARK POND,UTAH,RAINBOW,499,9.89,05/15/2019 12:00:00 AM
PORCUPINE RES,CACHE,RAINBOW,735,11.94,04/30/2019 12:00:00 AM
RAINBOW RES,TOOELE,RAINBOW,700,9.12,04/16/2019 12:00:00 AM
RAINBOW RES,TOOELE,RAINBOW,701,9.31,05/01/2019 12:00:00 AM
RAINBOW RES,TOOELE,RAINBOW,699,9.22,05/13/2019 12:00:00 AM
RAZOR RIDGE P,WASHINGTON,RAINBOW,120,10.1,01/08/2019 12:00:00 AM
RAZOR RIDGE P,WASHINGTON,RAINBOW,134,20.75,01/31/2019 12:00:00 AM
RAZOR RIDGE P,WASHINGTON,RAINBOW,193,22.15,01/31/2019 12:00:00 AM
RAZOR RIDGE P,WASHINGTON,RAINBOW,118,11.63,02/04/2019 12:00:00 AM
RAZOR RIDGE P,WASHINGTON,RAINBOW,118,10.51,02/25/2019 12:00:00 AM
RAZOR RIDGE P,WASHINGTON,RAINBOW,118,10.51,03/11/2019 12:00:00 AM
RAZOR RIDGE P,WASHINGTON,RAINBOW,119,9.99,03/28/2019 12:00:00 AM
RAZOR RIDGE P,WASHINGTON,RAINBOW,117,10.04,04/18/2019 12:00:00 AM
RAZOR RIDGE P,WASHINGTON,RAINBOW,1008,10.32,05/01/2019 12:00:00 AM
RIVERFRONT POND,SALT LAKE,RAINBOW,218,11.99,03/25/2019 12:00:00 AM
RIVERFRONT POND,SALT LAKE,RAINBOW,250,11.6,04/10/2019 12:00:00 AM
RIVERFRONT POND,SALT LAKE,RAINBOW,250,10.14,04/16/2019 12:00:00 AM
RIVERFRONT POND,SALT LAKE,CUTTHROAT,140,15.98,04/22/2019 12:00:00 AM
RIVERFRONT POND,SALT LAKE,RAINBOW,218,9.52,04/30/2019 12:00:00 AM
RIVERFRONT POND,SALT LAKE,RAINBOW,218,9.52,05/07/2019 12:00:00 AM
RIVERTON POND,SALT LAKE,RAINBOW,763,10.14,04/16/2019 12:00:00 AM
RIVERTON POND,SALT LAKE,RAINBOW,765,9.93,04/29/2019 12:00:00 AM
RIVERTON POND,SALT LAKE,RAINBOW,763,9.52,05/14/2019 12:00:00 AM
ROCKPORT RES,SUMMIT,TIGER TROUT,20002,2.58,04/16/2019 12:00:00 AM
SALEM POND,UTAH,RAINBOW,999,9.51,03/12/2019 12:00:00 AM
SALEM POND,UTAH,RAINBOW,72,19.08,04/09/2019 12:00:00 AM
SALEM POND,UTAH,RAINBOW,1452,10.18,04/18/2019 12:00:00 AM
SALEM POND,UTAH,RAINBOW,506,10.18,04/25/2019 12:00:00 AM
SALEM POND,UTAH,RAINBOW,1012,10.18,04/25/2019 12:00:00 AM
SALEM POND,UTAH,RAINBOW,1208,10.32,05/03/2019 12:00:00 AM
SALEM POND,UTAH,RAINBOW,1001,10.16,05/08/2019 12:00:00 AM
SALEM POND,UTAH,RAINBOW,112,9.63,05/14/2019 12:00:00 AM
SALEM POND,UTAH,RAINBOW,1008,9.89,05/14/2019 12:00:00 AM
SALINA CITY POND,SEVIER,RAINBOW,506,10.2,03/26/2019 12:00:00 AM
SALINA CITY POND,SEVIER,RAINBOW,504,10.13,04/24/2019 12:00:00 AM
SALINA CITY POND,SEVIER,RAINBOW,756,9.65,05/22/2019 12:00:00 AM
SANDY COMMUNITY FISHERY,SALT LAKE,RAINBOW,590,11.99,03/25/2019 12:00:00 AM
SANDY COMMUNITY FISHERY,SALT LAKE,RAINBOW,678,10.96,04/08/2019 12:00:00 AM
SANDY COMMUNITY FISHERY,SALT LAKE,RAINBOW,679,10.14,04/16/2019 12:00:00 AM
SANDY COMMUNITY FISHERY,SALT LAKE,RAINBOW,679,9.69,04/23/2019 12:00:00 AM
SANDY COMMUNITY FISHERY,SALT LAKE,RAINBOW,679,9.52,04/30/2019 12:00:00 AM
SANDY COMMUNITY FISHERY,SALT LAKE,RAINBOW,679,9.52,05/07/2019 12:00:00 AM
SANDY COMMUNITY FISHERY,SALT LAKE,RAINBOW,679,9.52,05/14/2019 12:00:00 AM
SCOFIELD RES,CARBON,TIGER TROUT,1920,10.75,05/13/2019 12:00:00 AM
SCOFIELD RES,CARBON,TIGER TROUT,1920,10.75,05/13/2019 12:00:00 AM
SCOFIELD RES,CARBON,TIGER TROUT,1920,10.75,05/13/2019 12:00:00 AM
SCOFIELD RES,CARBON,TIGER TROUT,1920,10.75,05/13/2019 12:00:00 AM
SCOFIELD RES,CARBON,TIGER TROUT,1920,10.75,05/14/2019 12:00:00 AM
SCOFIELD RES,CARBON,TIGER TROUT,1920,10.75,05/14/2019 12:00:00 AM
SCOFIELD RES,CARBON,TIGER TROUT,1920,10.75,05/14/2019 12:00:00 AM
SCOFIELD RES,CARBON,TIGER TROUT,1920,10.75,05/14/2019 12:00:00 AM
SETTLEMENT CYN RES,TOOELE,RAINBOW,960,10.44,04/04/2019 12:00:00 AM
SETTLEMENT CYN RES,TOOELE,RAINBOW,960,10,04/17/2019 12:00:00 AM
SETTLEMENT CYN RES,TOOELE,RAINBOW,960,9.69,04/24/2019 12:00:00 AM
SETTLEMENT CYN RES,TOOELE,RAINBOW,960,9.52,05/07/2019 12:00:00 AM
SETTLEMENT CYN RES,TOOELE,RAINBOW,960,9.52,05/15/2019 12:00:00 AM
SEVIER R,SEVIER,BROWN TROUT,15776,3.77,05/20/2019 12:00:00 AM
"SEVIER R, E FK",PIUTE,RAINBOW,3318,4.7,02/07/2019 12:00:00 AM
"SEVIER R, E FK",GARFIELD,RAINBOW,3318,4.7,02/07/2019 12:00:00 AM
"SEVIER R, E FK",PIUTE,BROWN TROUT,16946,3.75,05/13/2019 12:00:00 AM
SKYLERS POND,CACHE,RAINBOW,998,9.34,04/04/2019 12:00:00 AM
SKYLINE P,WASHINGTON,RAINBOW,406,10.1,01/08/2019 12:00:00 AM
SKYLINE P,WASHINGTON,RAINBOW,217,21.26,01/30/2019 12:00:00 AM
SKYLINE P,WASHINGTON,RAINBOW,107,22.15,01/30/2019 12:00:00 AM
SKYLINE P,WASHINGTON,RAINBOW,395,11.63,02/04/2019 12:00:00 AM
SKYLINE P,WASHINGTON,RAINBOW,452,10.51,02/25/2019 12:00:00 AM
SKYLINE P,WASHINGTON,RAINBOW,452,10.51,03/11/2019 12:00:00 AM
SKYLINE P,WASHINGTON,RAINBOW,379,9.99,03/28/2019 12:00:00 AM
SKYLINE P,WASHINGTON,RAINBOW,398,10.04,04/18/2019 12:00:00 AM
SMITH FAMILY PARK POND,WEBER,RAINBOW,801,10.17,02/27/2019 12:00:00 AM
SMITH FAMILY PARK POND,WEBER,RAINBOW,801,10.44,03/05/2019 12:00:00 AM
SMITH FAMILY PARK POND,WEBER,RAINBOW,697,11.99,03/18/2019 12:00:00 AM
SMITH FAMILY PARK POND,WEBER,RAINBOW,703,11.99,04/01/2019 12:00:00 AM
SMITH FAMILY PARK POND,WEBER,RAINBOW,700,10.77,04/15/2019 12:00:00 AM
SMITH FAMILY PARK POND,WEBER,RAINBOW,216,19.08,04/16/2019 12:00:00 AM
SMITH FAMILY PARK POND,WEBER,RAINBOW,750,9.93,04/29/2019 12:00:00 AM
SMITH FAMILY PARK POND,WEBER,RAINBOW,801,9.53,05/13/2019 12:00:00 AM
SPANISH OAKS P,UTAH,RAINBOW,791,10.96,04/08/2019 12:00:00 AM
SPANISH OAKS P,UTAH,RAINBOW,452,10.14,04/16/2019 12:00:00 AM
SPANISH OAKS P,UTAH,RAINBOW,451,9.69,04/23/2019 12:00:00 AM
SPANISH OAKS P,UTAH,RAINBOW,450,9.52,04/30/2019 12:00:00 AM
SPANISH OAKS P,UTAH,RAINBOW,450,9.52,05/06/2019 12:00:00 AM
SPANISH OAKS P,UTAH,RAINBOW,451,9.55,05/13/2019 12:00:00 AM
SPANISH OAKS P,UTAH,RAINBOW,450,9.87,05/20/2019 12:00:00 AM
SPRING L,UTAH,RAINBOW,999,9.51,03/12/2019 12:00:00 AM
SPRING L,UTAH,RAINBOW,748,10.18,04/18/2019 12:00:00 AM
SPRING L,UTAH,RAINBOW,748,10.18,04/25/2019 12:00:00 AM
SPRING L,UTAH,RAINBOW,1502,10.32,05/03/2019 12:00:00 AM
SPRING L,UTAH,RAINBOW,1188,10.16,05/08/2019 12:00:00 AM
SPRING L,UTAH,RAINBOW,497,9.89,05/15/2019 12:00:00 AM
STARVATION RES,DUCHESNE,PERCH YELLOW,327,8.05,04/25/2019 12:00:00 AM
STARVATION RES,DUCHESNE,PERCH YELLOW,72,8.05,05/01/2019 12:00:00 AM
STATE MENTAL HOS PD,UTAH,RAINBOW,177,9.53,05/14/2019 12:00:00 AM
STEED POND,DAVIS,RAINBOW,499,10.17,02/27/2019 12:00:00 AM
STEED POND,DAVIS,RAINBOW,203,17.58,03/01/2019 12:00:00 AM
STEED POND,DAVIS,RAINBOW,499,10.17,03/11/2019 12:00:00 AM
STEED POND,DAVIS,RAINBOW,508,11.99,03/25/2019 12:00:00 AM
STEED POND,DAVIS,RAINBOW,501,11.6,04/09/2019 12:00:00 AM
STEED POND,DAVIS,RAINBOW,500,10.77,04/22/2019 12:00:00 AM
STEED POND,DAVIS,RAINBOW,216,19.08,04/26/2019 12:00:00 AM
STEED POND,DAVIS,RAINBOW,374,9.52,05/08/2019 12:00:00 AM
STEINAKER RES,UINTAH,ALL TROUT,14994,4.01,04/24/2019 12:00:00 AM
STODDARD SLOUGH,MORGAN,RAINBOW,399,9.12,04/23/2019 12:00:00 AM
STODDARD SLOUGH,MORGAN,RAINBOW,403,9.12,04/29/2019 12:00:00 AM
STODDARD SLOUGH,MORGAN,RAINBOW,402,9.22,05/20/2019 12:00:00 AM
STRATTON P,WASHINGTON,RAINBOW,502,10.1,01/08/2019 12:00:00 AM
STRATTON P,WASHINGTON,RAINBOW,23,22.15,01/31/2019 12:00:00 AM
STRATTON P,WASHINGTON,RAINBOW,392,20.75,01/31/2019 12:00:00 AM
STRATTON P,WASHINGTON,RAINBOW,500,11.63,02/04/2019 12:00:00 AM
STRATTON P,WASHINGTON,RAINBOW,505,10.51,02/25/2019 12:00:00 AM
STRATTON P,WASHINGTON,RAINBOW,160,20.75,02/27/2019 12:00:00 AM
STRATTON P,WASHINGTON,RAINBOW,505,10.51,03/11/2019 12:00:00 AM
STRATTON P,WASHINGTON,RAINBOW,1998,9.51,03/20/2019 12:00:00 AM
STRATTON P,WASHINGTON,RAINBOW,1018,10.04,04/18/2019 12:00:00 AM
STRAWBERRY RES,WASATCH,KOKANEE,68000,3.4,05/08/2019 12:00:00 AM
STRAWBERRY RES,WASATCH,KOKANEE,25500,3.4,05/08/2019 12:00:00 AM
STRAWBERRY RES,WASATCH,KOKANEE,29750,3.4,05/09/2019 12:00:00 AM
STRAWBERRY RES,WASATCH,KOKANEE,29750,3.4,05/09/2019 12:00:00 AM
STRAWBERRY RES,WASATCH,KOKANEE,29750,3.23,05/13/2019 12:00:00 AM
STRAWBERRY RES,WASATCH,KOKANEE,34000,3.23,05/13/2019 12:00:00 AM
STRAWBERRY RES,WASATCH,KOKANEE,28111,3.67,05/20/2019 12:00:00 AM
STRAWBERRY RES,WASATCH,KOKANEE,20286,3.67,05/20/2019 12:00:00 AM
STRAWBERRY RES,WASATCH,KOKANEE,40572,3.67,05/21/2019 12:00:00 AM
STRAWBERRY RES,WASATCH,KOKANEE,39993,3.67,05/21/2019 12:00:00 AM
STRAWBERRY RES,WASATCH,CUTTHROAT,8992,7.98,05/21/2019 12:00:00 AM
STRAWBERRY RES,WASATCH,CUTTHROAT,8992,7.98,05/22/2019 12:00:00 AM
STRAWBERRY RES,WASATCH,CUTTHROAT,4496,7.98,05/22/2019 12:00:00 AM
SUNSET POND,SALT LAKE,RAINBOW,348,11.99,03/26/2019 12:00:00 AM
SUNSET POND,SALT LAKE,RAINBOW,125,14.44,03/27/2019 12:00:00 AM
SUNSET POND,SALT LAKE,RAINBOW,350,10.44,04/02/2019 12:00:00 AM
SUNSET POND,SALT LAKE,RAINBOW,350,10.96,04/08/2019 12:00:00 AM
SUNSET POND,SALT LAKE,RAINBOW,348,10.14,04/16/2019 12:00:00 AM
SUNSET POND,SALT LAKE,RAINBOW,349,9.69,04/23/2019 12:00:00 AM
SUNSET POND,SALT LAKE,RAINBOW,348,9.52,04/30/2019 12:00:00 AM
SUNSET POND,SALT LAKE,RAINBOW,351,9.52,05/14/2019 12:00:00 AM
TEAL SP,BOX ELDER,RAINBOW,1000,9.93,05/13/2019 12:00:00 AM
TIBBLE FK RES,UTAH,RAINBOW,1538,9.12,04/24/2019 12:00:00 AM
TIBBLE FK RES,UTAH,RAINBOW,1541,9.31,05/02/2019 12:00:00 AM
TIBBLE FK RES,UTAH,RAINBOW,1541,9.22,05/08/2019 12:00:00 AM
TIBBLE FK RES,UTAH,RAINBOW,1541,9.22,05/14/2019 12:00:00 AM
TIBBLE FK RES,UTAH,RAINBOW,1541,9.22,05/20/2019 12:00:00 AM
"TOWA P, UPPER",WASHINGTON,RAINBOW,681,10.1,01/08/2019 12:00:00 AM
"TOWA P, UPPER",WASHINGTON,RAINBOW,251,21.26,01/30/2019 12:00:00 AM
"TOWA P, UPPER",WASHINGTON,RAINBOW,671,11.63,02/04/2019 12:00:00 AM
"TOWA P, UPPER",WASHINGTON,RAINBOW,667,10.51,02/25/2019 12:00:00 AM
"TOWA P, UPPER",WASHINGTON,RAINBOW,667,10.51,03/11/2019 12:00:00 AM
"TOWA P, UPPER",WASHINGTON,RAINBOW,664,9.99,03/28/2019 12:00:00 AM
"TOWA P, UPPER",WASHINGTON,RAINBOW,667,10.04,04/18/2019 12:00:00 AM
TOWA P. LOWER,WASHINGTON,RAINBOW,454,10.1,01/08/2019 12:00:00 AM
TOWA P. LOWER,WASHINGTON,RAINBOW,151,21.26,01/30/2019 12:00:00 AM
TOWA P. LOWER,WASHINGTON,RAINBOW,447,11.63,02/04/2019 12:00:00 AM
TOWA P. LOWER,WASHINGTON,RAINBOW,452,10.51,02/25/2019 12:00:00 AM
TOWA P. LOWER,WASHINGTON,RAINBOW,452,10.51,03/11/2019 12:00:00 AM
TOWA P. LOWER,WASHINGTON,RAINBOW,593,9.99,03/28/2019 12:00:00 AM
TOWA P. LOWER,WASHINGTON,RAINBOW,445,10.04,04/18/2019 12:00:00 AM
TROPIC RES,GARFIELD,RAINBOW,588,10.13,04/30/2019 12:00:00 AM
TROPIC RES,GARFIELD,RAINBOW,2912,9.86,04/30/2019 12:00:00 AM
TROPIC RES,GARFIELD,TIGER TROUT,3500,8.55,05/15/2019 12:00:00 AM
UTAH L,UTAH,SUCKER JUNE,5753,10.74,03/20/2019 12:00:00 AM
UTAH L,UTAH,SUCKER JUNE,1179,10.78,04/18/2019 12:00:00 AM
UTAH L,UTAH,SUCKER JUNE,1239,10.66,04/24/2019 12:00:00 AM
UTAH L,UTAH,SUCKER JUNE,1239,10.66,04/24/2019 12:00:00 AM
UTAH L,UTAH,SUCKER JUNE,903,10.66,04/24/2019 12:00:00 AM
UTAH L,UTAH,SUCKER JUNE,1266,10.66,04/24/2019 12:00:00 AM
UTAH L,UTAH,SUCKER JUNE,4563,11.13,05/10/2019 12:00:00 AM
UTAH L,UTAH,SUCKER JUNE,5759,11.53,05/16/2019 12:00:00 AM
UTAH L,UTAH,SUCKER JUNE,4749,11.64,05/17/2019 12:00:00 AM
UTAH L,UTAH,SUCKER JUNE,1197,10.76,05/17/2019 12:00:00 AM
VERNON CR RES,TOOELE,RAINBOW,1400,8.22,04/16/2019 12:00:00 AM
VERNON CR RES,TOOELE,RAINBOW,1312,8.7,05/13/2019 12:00:00 AM
VIRGINR RIVER PARK POND,WASHINGTON,RAINBOW,287,10.1,01/08/2019 12:00:00 AM
VIRGINR RIVER PARK POND,WASHINGTON,RAINBOW,289,11.63,02/04/2019 12:00:00 AM
VIRGINR RIVER PARK POND,WASHINGTON,RAINBOW,241,20.75,02/14/2019 12:00:00 AM
VIRGINR RIVER PARK POND,WASHINGTON,RAINBOW,280,10.51,02/25/2019 12:00:00 AM
VIRGINR RIVER PARK POND,WASHINGTON,RAINBOW,280,10.51,03/11/2019 12:00:00 AM
VIRGINR RIVER PARK POND,WASHINGTON,RAINBOW,415,9.99,03/28/2019 12:00:00 AM
VIRGINR RIVER PARK POND,WASHINGTON,RAINBOW,281,10.04,04/18/2019 12:00:00 AM
VIVIAN PARK P,UTAH,RAINBOW,800,9.31,05/01/2019 12:00:00 AM
VIVIAN PARK P,UTAH,RAINBOW,501,9.22,05/20/2019 12:00:00 AM
WASATCH MTN STATE PARK P,WASATCH,RAINBOW,608,8.7,04/10/2019 12:00:00 AM
WASATCH MTN STATE PARK P,WASATCH,RAINBOW,498,9.12,04/23/2019 12:00:00 AM
WASATCH MTN STATE PARK P,WASATCH,RAINBOW,600,9.22,05/22/2019 12:00:00 AM
WEBER R,WEBER,RAINBOW,1080,12.28,03/25/2019 12:00:00 AM
WEBER R,WEBER,RAINBOW,872,13.19,05/09/2019 12:00:00 AM
WELLSVILLE RES,CACHE,RAINBOW,216,19.08,02/27/2019 12:00:00 AM
WELLSVILLE RES,CACHE,RAINBOW,216,19.08,04/26/2019 12:00:00 AM
WELLSVILLE RES,CACHE,RAINBOW,1169,11.49,05/14/2019 12:00:00 AM
WELLSVILLE RES,CACHE,RAINBOW,1042,11.94,05/14/2019 12:00:00 AM
WIDE HOLLOW RES,GARFIELD,RAINBOW,3582,9.94,03/06/2019 12:00:00 AM
WIDE HOLLOW RES,GARFIELD,RAINBOW,1516,10.2,03/25/2019 12:00:00 AM
WILLARD BAY RES,BOX ELDER,WALLEYE,54550,0.32,04/02/2019 12:00:00 AM
WILLARD BAY RES,BOX ELDER,WALLEYE,68350,0.32,04/02/2019 12:00:00 AM
WILLARD BAY RES,BOX ELDER,WALLEYE,452500,0.32,04/08/2019 12:00:00 AM
WILLARD BAY RES,BOX ELDER,WALLEYE,83210,0.32,04/15/2019 12:00:00 AM
WILLARD BAY RES,BOX ELDER,WALLEYE,150040,0.32,04/15/2019 12:00:00 AM
WILLARD BAY RES,BOX ELDER,WALLEYE,96280,0.32,04/15/2019 12:00:00 AM
WILLARD BAY RES,BOX ELDER,WALLEYE,25500,0.32,04/18/2019 12:00:00 AM
WILLARD BAY RES,BOX ELDER,WALLEYE,59500,0.32,04/18/2019 12:00:00 AM
WILLARD BAY RES,BOX ELDER,WALLEYE,17500,0.32,04/18/2019 12:00:00 AM
WILLARD BAY RES,BOX ELDER,WALLEYE,53060,0.32,04/25/2019 12:00:00 AM
WILLARD BAY RES,BOX ELDER,WALLEYE,67800,0.32,04/29/2019 12:00:00 AM
WILLOW CREEK POND,UTAH,RAINBOW,328,11.99,03/19/2019 12:00:00 AM
WILLOW CREEK POND,UTAH,RAINBOW,328,11.99,03/26/2019 12:00:00 AM
WILLOW CREEK POND,UTAH,RAINBOW,328,10.44,04/02/2019 12:00:00 AM
WILLOW PARK PND,SALT LAKE,RAINBOW,916,11.99,03/19/2019 12:00:00 AM
WILLOW PARK PND,SALT LAKE,RAINBOW,916,11.99,03/26/2019 12:00:00 AM
WILLOW PARK PND,SALT LAKE,RAINBOW,916,10.96,04/08/2019 12:00:00 AM
WILLOW PARK PND,SALT LAKE,RAINBOW,72,19.08,04/09/2019 12:00:00 AM
WILLOW PARK PND,SALT LAKE,RAINBOW,917,10.14,04/16/2019 12:00:00 AM
WILLOW PARK PND,SALT LAKE,RAINBOW,916,9.69,04/23/2019 12:00:00 AM
WILLOW PARK PND,SALT LAKE,RAINBOW,916,9.52,04/30/2019 12:00:00 AM
WILLOW PARK PND,SALT LAKE,RAINBOW,917,9.52,05/07/2019 12:00:00 AM
WILLOW PARK PND,SALT LAKE,RAINBOW,916,9.52,05/14/2019 12:00:00 AM
YANKEE MEADOW RES,IRON,RAINBOW,1007,9.63,05/20/2019 12:00:00 AM
YEARNS RES,SANPETE,RAINBOW,997,10.18,04/24/2019 12:00:00 AM
YEARNS RES,SANPETE,RAINBOW,684,9.87,05/15/2019 12:00:00 AM
YUBA RES (SEVIER BRG,JUAB,MUSKIE TIGER,18200,1.86,05/01/2019 12:00:00 AM
